localarea,Adult Retail Store *Historic*,Adult Services,Amusement Park,Animal Services,Architectural and Engineering Services,Artist,Artist Agency,Artist Studio,Arts and Creative Instruction,Association or Society,Beauty Services,Bed and Breakfast,Bingo Hall / Casino / Horse Racing,Brokerage Services,Building Repair and Maintenance,Business - Vocational Instruction,Business Support Services,Cannabis Licence Application,Caterer,Consulting and Management Services,Creative Products Manufacturer,Design Services,Digital Entertainment and Interactive Technology,Entertainment Facility,Exhibition Centre,Financial Institution,Financial Services,Fitness Centre,Food Manufacturer Assembler and Processor,Food Market,Forestry Services,Gas Station,General Contractor,General Repair and Maintenance,Grocery Store,Hall / Spectator Sports Venue,Health Care Facility,Health Care Professionals and Services,Health Enhancement Services,Hotel or Motel,Information Communication Technology,Insurance Services,Laboratory Services,Laundry Services,Legal Services,Limited Service Food Establishment,Liquor Establishment,Liquor License Application,Liquor Retail Store,Logistics Services,Long-term Rental,Marina Operator,Marine Service Station,Marketing Public Relations Advertising and Event Promotion Services,Mining Services,Money Services,Non-Food Manufacturer Assembler and Processor,Oil Gas and Other Fuels,Parking Area / Garage,Personal Services,Pharmacy,Photography Production and Rehearsal Studio,Printing Imaging and Photo Services,Private School or College,Publishing and Journalism Services,Real Estate Services,Recycling and Resource Recovery Services,Rental Services,Restaurant,Retail Dealer,Retail Dealer - Cannabis,Retail Dealer - Food,Retail Dealer - Used Goods,Security Services,Short-term Rental Operator,Soliciting For Charity,Special Events,Sport and Fitness Instruction,Street Vendor,Temp Liquor Licence Amendment,Temporary Filming Company,Theatre,Tourism Services,Trade Contractor,Transportation and Support Services,Urban Farm Class A,Urban Farm Class B,Vehicle Repair Detailing and Washing Services,Venue,Warehouse Operator - Food,Warehouse Operator - Non-Food,Waste Collection and Hauling Services,Wholesale Dealer - Food,Wholesale Dealer - Non-Food
Arbutus-Ridge,0.0,0.0,0.0,0.5764966740576497,0.975609756097561,0.7982261640798226,0.0,0.0,1.6851441241685146,0.31042128603104213,2.7937915742793793,0.13303769401330376,0.0,0.5764966740576497,0.3547671840354767,0.17738359201773835,2.0399113082039912,0.0,0.0,4.0798226164079825,0.13303769401330376,0.975609756097561,0.17738359201773835,0.0,0.0,0.2660753880266075,1.1086474501108647,0.0,0.0,0.0,0.0,0.31042128603104213,4.745011086474501,0.2660753880266075,0.13303769401330376,0.0,1.3747228381374723,9.933481152993348,0.6651884700665188,0.0,0.5764966740576497,0.4878048780487805,0.0,0.4434589800443459,1.06430155210643,1.9955654101995564,0.13303769401330376,0.0,0.3547671840354767,0.17738359201773835,29.977827050997785,0.0,0.0,0.0,0.0,0.0,0.0,0.0,0.22172949002217296,0.5764966740576497,0.3991130820399113,0.17738359201773835,0.0,0.13303769401330376,0.0,2.7937915742793793,0.044345898004434586,0.13303769401330376,2.616407982261641,5.498891352549889,0.13303769401330376,1.3747228381374723,0.0,0.31042128603104213,11.175166297117517,0.0,0.08869179600886917,0.5764966740576497,0.31042128603104213,0.0,0.0,0.0,0.3547671840354767,1.862527716186253,0.0,0.0,0.0,0.2660753880266075,0.0,0.0,0.0,0.0,0.13303769401330376,1.0199556541019956
Downtown,0.00253994056539077,0.0076198216961723105,0.0,0.12445708770414772,1.3334687968301542,0.18033578014274465,0.10413756318102156,0.09651774148484926,0.5054481725127632,1.4122069543572682,3.5355972670239515,0.0,0.0076198216961723105,0.6883238932208986,0.33273221406619086,0.38353102537400624,5.140839704350919,0.00253994056539077,0.09143786035406772,5.064641487389196,0.00507988113078154,0.5638668055167508,0.5867262706052678,0.07873815752711387,0.00253994056539077,0.287013283889157,3.985166747098118,0.45210942063955706,0.043178989611643084,0.0,0.030479286784689242,0.0,2.283406568286302,0.17271595844657234,0.09905768205024001,0.04571893017703386,0.5892662111706586,7.863655990449823,0.1854156612735262,0.5460872215590156,3.79467120469381,0.6832440120901171,0.043178989611643084,0.09651774148484926,11.325594981077442,2.783774859668284,0.7543623479210586,0.2006553046658708,0.09651774148484926,0.30733280841228316,16.024485027050368,0.12191714713875697,0.0,0.574026567778314,1.4122069543572682,0.3352721546315816,0.07873815752711387,0.0076198216961723105,1.1175738487719387,0.35813161972009855,0.27431358106220316,0.46988900459729244,0.13207690940032002,0.2006553046658708,0.11175738487719387,2.9006121256762594,0.00507988113078154,0.2158949480582154,3.5584567321124685,4.325518782860481,0.0838180386578954,0.9448578903253664,0.22605471031977853,0.1523964339234462,6.179675395595742,0.00253994056539077,0.2819334027583754,0.2895532244545478,0.06857839526555079,0.4317898961164308,0.0,0.06349851413476924,0.6730842498285541,0.39623072820096006,0.0507988113078154,0.0,0.0,0.04571893017703386,0.11429732544258465,0.0,0.0076198216961723105,0.01269970282695385,0.12953696883492927,0.7010235960478525
Dunbar-Southlands,0.0,0.0,0.0,0.6690140845070423,0.35211267605633806,0.6690140845070423,0.0,0.0,2.147887323943662,0.528169014084507,1.3380281690140845,0.24647887323943662,0.0,0.10563380281690139,0.7042253521126761,0.10563380281690139,2.112676056338028,0.0,0.0,4.014084507042254,0.14084507042253522,1.056338028169014,0.17605633802816903,0.0,0.0,0.3873239436619718,0.8802816901408451,0.35211267605633806,0.0,0.0,0.0,0.10563380281690139,8.626760563380282,0.49295774647887325,0.21126760563380279,0.0,0.10563380281690139,7.253521126760563,0.0,0.0,1.3028169014084507,0.31690140845070425,0.0,0.31690140845070425,0.42253521126760557,1.936619718309859,0.21126760563380279,0.0,0.31690140845070425,0.10563380281690139,32.67605633802817,0.0,0.0,0.31690140845070425,0.17605633802816903,0.14084507042253522,0.0,0.0,0.10563380281690139,0.07042253521126761,0.42253521126760557,0.49295774647887325,0.0,0.21126760563380279,0.24647887323943662,1.0915492957746478,0.0,0.21126760563380279,1.0211267605633803,3.9084507042253525,0.21126760563380279,1.1267605633802817,0.49295774647887325,0.0,15.669014084507044,0.0,0.10563380281690139,0.7394366197183099,0.0,0.035211267605633804,0.0,0.10563380281690139,0.31690140845070425,1.3028169014084507,0.10563380281690139,0.0,0.0,0.24647887323943662,0.0,0.0,0.0,0.0,0.0,0.7394366197183099
Fairview,0.0,0.0,0.0,0.3443789699242366,1.737200581617816,0.40560189791076756,0.13009872197137828,0.09183439197979643,0.352031835922553,1.1708884977424046,2.839213285375373,0.0,0.0,0.4821305578939313,0.26019744394275657,0.4668248258972985,3.298385245274355,0.00765286599831637,0.20662738195454197,3.6886814111884902,0.0,1.1326241677508226,0.4209076299074003,0.022958597994949106,0.0,0.33672610392592023,2.7473788933955765,0.704063671845106,0.3290732379276039,0.0,0.0,0.06122292798653096,3.3060381112726716,0.41325476390908394,0.15305731996632738,0.022958597994949106,1.7065891176245505,25.96617433228744,0.4285604959057167,0.03061146399326548,1.1555827657457718,0.39029616591413485,0.5050891558888804,0.06887579398484733,2.0433152215504706,2.303512665493227,0.21428024795285835,0.07652865998316369,0.16071018596464376,0.11479298997474553,15.290426264636107,1.5076146016683247,0.0,0.3979490319124512,0.0994872579781128,0.13775158796969467,0.16071018596464376,0.0,1.9208693655774087,0.22958597994949106,0.5127420218871968,0.44386622790234936,0.12244585597306192,0.19132164995790923,0.0994872579781128,3.130022193311395,0.0,0.18366878395959285,2.609627305425882,6.474324634575648,0.13775158796969467,0.8953853218030152,0.22193311395117468,0.22958597994949106,0.7499808678350042,0.0,0.12244585597306192,0.4668248258972985,0.06122292798653096,0.0,0.0,0.0994872579781128,0.7805923318282697,0.5127420218871968,0.06887579398484733,0.0,0.0,0.6811050738501568,0.06122292798653096,0.0,0.04591719598989821,0.04591719598989821,0.0994872579781128,0.910691053799648
Grandview-Woodland,0.014025245441795233,0.0,0.0,0.47685834502103785,0.5329593267882188,0.5890603085553997,0.0,0.5750350631136045,0.07012622720897616,1.753155680224404,2.258064516129032,0.0,0.0,0.028050490883590466,0.785413744740533,0.08415147265077139,0.8976157082748949,0.0,2.356241234221599,1.935483870967742,0.0,0.8555399719495091,0.4628330995792427,0.12622720897615708,0.0,0.21037868162692847,0.3085553997194951,0.19635343618513326,2.917251051893408,0.0,0.0,0.16830294530154277,3.6746143057503504,0.6732117812061711,0.21037868162692847,0.05610098176718093,0.44880785413744745,6.086956521739131,0.15427769985974754,0.08415147265077139,0.5890603085553997,0.04207573632538569,0.19635343618513326,0.22440392706872372,0.21037868162692847,3.4221598877980366,0.37868162692847124,0.11220196353436186,0.6311360448807855,0.2664796633941094,28.807854137447404,0.0,0.0,0.2805049088359046,0.028050490883590466,0.15427769985974754,3.1136044880785416,0.0,0.182328190743338,0.33660589060308554,0.5049088359046283,1.6549789621318374,0.42075736325385693,0.0,0.09817671809256663,0.47685834502103785,0.05610098176718093,0.364656381486676,4.165497896213184,3.983169705469846,0.19635343618513326,2.41234221598878,0.47685834502103785,0.028050490883590466,6.577840112201963,0.0,0.9116409537166901,0.364656381486676,1.514726507713885,0.5049088359046283,0.0,0.014025245441795233,0.22440392706872372,1.20617110799439,0.22440392706872372,0.0,0.0,2.3702664796633943,0.08415147265077139,0.04207573632538569,0.33660589060308554,0.014025245441795233,0.6872370266479663,2.1178120617110796
Hastings-Sunrise,0.0,0.0,0.05416140097490522,0.758259613648673,0.6499368116988626,0.9929590178732622,0.05416140097490522,0.09026900162484203,0.2527532045495577,1.2276584220978517,2.6900162484202927,0.0,0.09026900162484203,0.16248420292471566,0.9207438165733887,0.07221520129987362,0.9387976168983572,0.0,0.09026900162484203,2.1122946380213037,0.0,0.6138292110489258,0.2888608051994945,0.03610760064993681,0.0,0.4152374074742733,0.7402058133237047,0.3069146055244629,0.2888608051994945,0.0,0.0,0.2708070048745261,9.225491966058856,0.8124210146235782,0.05416140097490522,0.16248420292471566,0.7402058133237047,7.311789131612205,0.19859180357465248,0.05416140097490522,0.45134500812421013,0.3430222061743997,0.12637660227477884,0.2527532045495577,0.3069146055244629,2.7441776493951977,0.21664560389962087,0.018053800324968405,0.19859180357465248,0.16248420292471566,31.395558765120057,0.0,0.0,0.14443040259974724,0.0,0.3430222061743997,0.43329120779924174,0.0,0.39718360714930495,0.3610760064993681,0.2527532045495577,0.4152374074742733,0.07221520129987362,0.05416140097490522,0.03610760064993681,0.6138292110489258,0.0,0.2888608051994945,2.1484022386712405,4.585665282541975,0.09026900162484203,1.9137028344466511,0.2708070048745261,0.3069146055244629,10.687849792381297,0.0,0.14443040259974724,0.2346994042245893,0.09026900162484203,0.2708070048745261,0.0,0.0,0.16248420292471566,2.635854847445387,0.018053800324968405,0.0,0.0,0.6499368116988626,0.19859180357465248,0.0,0.3791298068243365,0.03610760064993681,0.5235602094240838,2.3469940422458926
Kensington-Cedar Cottage,0.0,0.0,0.0,0.3566908295938327,0.37970314118053156,0.8859739960879071,0.0,0.0,0.3106662064204349,1.4958002531354275,3.6474513864917726,0.08054309055344609,0.0,0.05753077896674721,1.3462202278218847,0.2761477390403866,0.6328385686342193,0.023012311586698884,0.32217236221378437,1.8985157059026578,0.0,0.9204924634679553,0.29916005062708545,0.05753077896674721,0.0,0.33367851800713383,0.8399493729145092,0.391209296973881,0.11506155793349442,0.0,0.0,0.2761477390403866,6.1672995052353015,0.2646415832470372,0.20711080428028997,0.12656771372684386,1.093084800368197,11.287538833275802,0.47175238752732707,0.0,0.5522954780807732,0.3451846738004833,0.0,0.3106662064204349,0.43723392014727885,2.842020480957312,0.14958002531354272,0.011506155793349442,0.08054309055344609,0.37970314118053156,33.41387642388678,0.0,0.0,0.04602462317339777,0.0,0.3106662064204349,0.33367851800713383,0.0,0.2646415832470372,0.32217236221378437,0.5177770107007249,0.43723392014727885,0.20711080428028997,0.11506155793349442,0.06903693476009665,0.2761477390403866,0.0,0.4027154527672305,2.842020480957312,4.395351513059486,0.2761477390403866,1.8639972385226096,0.36819698538718215,0.09204924634679554,9.078356920952709,0.0,0.12656771372684386,0.5522954780807732,0.16108618110689218,0.023012311586698884,0.0,0.03451846738004832,0.32217236221378437,1.875503394315959,0.011506155793349442,0.0,0.0,0.9319986192613048,0.03451846738004832,0.0,0.0,0.06903693476009665,0.14958002531354272,0.4027154527672305
Kerrisdale,0.0,0.0,0.0,0.4966139954853273,0.5869074492099322,0.8577878103837472,0.0,0.09029345372460496,2.3024830699774266,1.1286681715575622,4.108352144469526,0.0,0.0,0.3160270880361174,0.4966139954853273,1.6252821670428894,2.4379232505643342,0.0,0.0,4.063205417607223,0.0,1.399548532731377,0.09029345372460496,0.0,0.0,0.9480812641083521,1.2189616252821671,0.2257336343115124,0.0,0.0,0.0,0.0,5.8690744920993225,0.27088036117381487,0.27088036117381487,0.0,0.6320541760722348,9.751693002257337,0.13544018058690743,0.0,0.4514672686230248,0.5869074492099322,0.0,0.0,1.3544018058690745,1.6252821670428894,0.13544018058690743,0.0,0.27088036117381487,0.13544018058690743,28.75846501128668,0.0,0.0,0.2257336343115124,0.13544018058690743,0.3160270880361174,0.0,0.0,1.1286681715575622,0.2257336343115124,0.27088036117381487,0.3160270880361174,0.0,0.13544018058690743,0.0,3.069977426636569,0.0,0.3160270880361174,3.5214446952595937,5.733634311512415,0.0,1.3544018058690745,0.27088036117381487,0.0,7.223476297968396,0.0,0.09029345372460496,0.3611738148984198,0.13544018058690743,0.0,0.0,0.0,0.8126410835214447,0.9480812641083521,0.0,0.0,0.0,0.0,0.0,0.0,0.0,0.0,0.27088036117381487,0.4966139954853273
Killarney,0.0,0.0,0.0,0.9702241552358649,0.5352960856473737,1.2378721980595517,0.10036801605888257,0.10036801605888257,0.5352960856473737,0.5018400802944128,1.0705921712947475,0.0,0.0,0.7360321177651389,2.174640347942456,0.234192037470726,1.0036801605888257,0.03345600535296086,0.0,3.011040481766477,0.0,0.5687520910003346,0.10036801605888257,0.0,0.0,0.6022080963532954,0.8698561391769822,0.3011040481766477,0.0,0.0,0.0,0.3011040481766477,13.21512211441954,0.702576112412178,0.33456005352960855,0.0,0.468384074941452,11.30812980930077,0.5018400802944128,0.0,0.8029441284710606,0.36801605888256944,0.0,0.36801605888256944,0.10036801605888257,2.4422883907661426,0.10036801605888257,0.0,0.3011040481766477,0.6022080963532954,29.37437269989963,0.0,0.0,0.5018400802944128,0.0,0.36801605888256944,0.0,0.0,0.13382402141184344,0.8698561391769822,0.20073603211776514,0.20073603211776514,0.06691201070592172,0.0,0.0,0.468384074941452,0.0,0.13382402141184344,2.9106724657075946,3.345600535296086,0.16728002676480427,1.405152224824356,0.06691201070592172,0.13382402141184344,7.02576112412178,0.0,0.06691201070592172,0.4014720642355303,0.16728002676480427,0.0,0.0,0.0,0.468384074941452,3.4125125460020076,0.26764804282368687,0.0,0.0,0.36801605888256944,0.0,0.0,0.10036801605888257,0.06691201070592172,0.20073603211776514,0.5018400802944128
Kitsilano,0.0,0.0,0.0,0.8581752484191508,0.6323396567299007,0.9936766034327009,0.09936766034327009,0.03613369467028004,1.020776874435411,0.7046070460704607,3.7217705510388437,0.09936766034327009,0.0,0.22583559168925021,0.3342366757000903,0.36133694670280037,1.020776874435411,0.0,0.1264679313459801,3.3965672990063234,0.00903342366757001,0.8491418247515808,0.22583559168925021,0.0,0.0,0.3523035230352303,0.984643179765131,0.984643179765131,0.09033423667570009,0.045167118337850046,0.0,0.10840108401084012,3.3785004516711834,0.2800361336946703,0.3071364046973803,0.05420054200542006,0.7678410117434508,11.38211382113821,0.5058717253839204,0.0,0.4878048780487805,0.3071364046973803,0.0,0.13550135501355012,0.3794037940379404,3.026196928635953,0.39747064137308036,0.01806684733514002,0.2800361336946703,0.13550135501355012,35.54652213188799,0.0,0.02710027100271003,0.3523035230352303,0.00903342366757001,0.19873532068654018,0.02710027100271003,0.0,0.7768744354110207,0.4607046070460705,0.24390243902439024,0.3884372177055104,0.05420054200542006,0.13550135501355012,0.05420054200542006,0.7859078590785908,0.00903342366757001,0.20776874435411022,3.785004516711834,6.088527551942186,0.20776874435411022,1.1020776874435412,0.3884372177055104,0.05420054200542006,6.946702800361337,0.01806684733514002,0.06323396567299006,0.7859078590785908,0.01806684733514002,0.13550135501355012,0.0,0.02710027100271003,0.41553748870822044,0.6955736224028907,0.0,0.0,0.0,0.27100271002710025,0.02710027100271003,0.0,0.05420054200542006,0.02710027100271003,0.01806684733514002,0.4697380307136405
Marpole,0.0,0.0,0.0,0.33356741573033705,0.9480337078651686,0.45646067415730335,0.0,0.21067415730337077,0.2633426966292135,1.053370786516854,1.5976123595505618,0.10533707865168539,0.0,0.5091292134831461,1.0709269662921348,0.21067415730337077,1.7907303370786516,0.0,0.6671348314606741,2.984550561797753,0.0175561797752809,0.4389044943820225,0.35112359550561795,0.05266853932584269,0.0,0.5617977528089888,2.106741573033708,0.08778089887640449,1.2816011235955056,0.0,0.0,0.24578651685393257,6.84691011235955,0.24578651685393257,0.10533707865168539,0.0,0.4740168539325843,7.02247191011236,0.35112359550561795,0.10533707865168539,1.2640449438202246,0.6846910112359551,0.7198033707865169,0.12289325842696629,0.877808988764045,1.8609550561797754,0.17556179775280897,0.0351123595505618,0.15800561797752807,0.2808988764044944,30.86376404494382,0.0,0.0,0.24578651685393257,0.0,0.15800561797752807,2.773876404494382,0.0,0.35112359550561795,0.15800561797752807,0.21067415730337077,0.5793539325842697,0.22823033707865167,0.15800561797752807,0.05266853932584269,1.7205056179775282,0.10533707865168539,0.38623595505617975,1.6327247191011238,3.581460674157303,0.10533707865168539,1.1587078651685394,0.12289325842696629,0.21067415730337077,5.07373595505618,0.0175561797752809,0.05266853932584269,0.31601123595505615,0.526685393258427,0.0175561797752809,0.0,0.10533707865168539,0.5793539325842697,1.6151685393258428,0.0175561797752809,0.0,0.0,3.125,0.05266853932584269,0.08778089887640449,0.42134831460674155,0.0,0.7549157303370787,3.7570224719101124
Mount Pleasant,0.009534706331045004,0.0,0.0,0.5148741418764302,1.2109077040427154,0.4576659038901602,0.057208237986270026,0.7818459191456903,0.5625476735316552,1.5255530129672006,3.012967200610221,0.12395118230358504,0.028604118993135013,0.09534706331045004,0.6578947368421052,0.19069412662090007,2.0976353928299005,0.009534706331045004,0.18115942028985507,3.2418001525553013,0.028604118993135013,0.8962623951182305,0.5720823798627002,0.06674294431731503,0.0,0.2383676582761251,0.9153318077803204,0.5720823798627002,1.1250953470633105,0.057208237986270026,0.0,0.14302059496567504,3.5945842868039666,0.4099923722349351,0.17162471395881007,0.028604118993135013,0.5625476735316552,8.342868039664378,0.36231884057971014,0.028604118993135013,1.7543859649122806,0.2574370709382151,0.6102212051868803,0.14302059496567504,0.6578947368421052,2.278794813119756,0.26697177726926014,0.10488176964149505,0.2765064836003051,0.2955758962623951,30.024790236460717,0.0,0.0,0.6292906178489702,0.028604118993135013,0.3718535469107552,1.6304347826086956,0.0,0.9153318077803204,0.4195270785659802,0.21929824561403508,2.440884820747521,0.33371472158657517,0.0,0.14302059496567504,0.9534706331045004,0.057208237986270026,0.33371472158657517,3.6327231121281467,4.757818459191457,0.20022883295194507,1.1441647597254003,0.5816170861937453,0.10488176964149505,4.576659038901601,0.01906941266209001,0.7913806254767354,0.4767353165522502,0.10488176964149505,0.32418001525553014,0.0,0.028604118993135013,0.30511060259344014,0.9153318077803204,0.01906941266209001,0.0,0.03813882532418002,1.0202135774218155,0.028604118993135013,0.08581235697940504,0.11441647597254005,0.028604118993135013,0.26697177726926014,2.4122807017543857
Oakridge,0.0,0.0,0.0,0.17251293847038526,0.46003450258769407,0.3450258769407705,0.28752156411730884,0.0,0.46003450258769407,1.3225991949396205,1.6676250718803909,0.17251293847038526,0.0,0.28752156411730884,0.9200690051753881,0.17251293847038526,1.4951121334100057,0.0,0.0,2.4726854514088554,0.0,0.4025301897642324,0.17251293847038526,0.0,0.0,0.3450258769407705,1.3225991949396205,0.05750431282346176,0.0,0.0,0.0,0.3450258769407705,9.603220241518114,0.28752156411730884,0.0,0.0,0.6325474410580794,10.638297872340425,0.3450258769407705,0.0,0.46003450258769407,0.3450258769407705,0.0,0.0,0.46003450258769407,2.760207015526164,0.05750431282346176,0.05750431282346176,0.17251293847038526,0.3450258769407705,36.285221391604374,0.0,0.0,0.17251293847038526,0.0,0.23001725129384704,0.0,0.0,0.5750431282346177,0.5750431282346177,0.46003450258769407,0.3450258769407705,0.11500862564692352,0.46003450258769407,0.0,1.207590569292697,0.0,0.3450258769407705,1.2650948821161587,5.117883841288096,0.0,0.7475560667050029,0.0,0.0,9.315698677400805,0.0,0.0,0.5175388154111558,0.0,0.0,0.0,0.0,0.11500862564692352,2.070155261644623,0.17251293847038526,0.0,0.0,0.23001725129384704,0.0,0.0,0.0,0.17251293847038526,0.17251293847038526,0.28752156411730884
Out of Town,0.0,0.0,0.0,0.4423113118765293,2.2115565593826463,0.4705439488048184,0.03764351590438547,0.0,0.3105590062111801,0.4987765857331075,0.36702428006775834,0.0,0.0,0.2352719744024092,3.482025221155656,0.27291549030679463,1.3269339356295877,0.0,0.2258610954263128,3.8490495012234143,0.009410878976096368,0.922266139657444,0.10351966873706005,0.0,0.0,0.0,0.21645021645021645,0.0,0.0,0.0,0.0282326369282891,0.0,38.829286655373615,1.0069640504423114,0.0,0.0,0.0,2.587991718426501,0.13175230566534915,0.0,1.5810276679841897,0.0282326369282891,0.0,0.0282326369282891,0.06587615283267458,0.009410878976096368,0.0,0.0,0.0,0.6022962544701675,0.0,0.0,0.009410878976096368,0.6022962544701675,0.018821757952192736,0.018821757952192736,0.03764351590438547,0.0,0.0,1.0634293242988897,0.0,0.461133069828722,0.0282326369282891,0.0,0.08469791078486731,1.308112177677395,0.16939582156973462,0.8093355919442876,0.0,1.251646903820817,0.0,0.08469791078486731,0.0,1.025785808394504,0.0,0.018821757952192736,0.018821757952192736,0.9693205345379258,1.3175230566534915,0.0,2.475061170713345,0.0,0.3011481272350838,26.26576322228496,0.18821757952192736,0.0,0.0,0.2070393374741201,0.0,0.0,0.0,0.5270092226613966,0.08469791078486731,0.7716920760399021
Renfrew-Collingwood,0.0,0.0,0.0,0.32702971704820133,0.8957770510450732,0.7251528508460117,0.0,0.0,0.8673396843452296,1.4218683349921797,2.2607706526375657,0.0,0.0,0.14218683349921798,1.706242001990616,0.12796815014929616,1.834210152139912,0.014218683349921797,0.09953078344945257,2.2892080193374094,0.05687473339968719,0.2559363002985923,0.28437366699843597,0.07109341674960899,0.0,0.3128110336982795,1.4218683349921797,0.213280250248827,0.09953078344945257,0.0,0.0,0.213280250248827,8.289492393004409,1.0237452011943693,0.17062420019906158,0.042656050049765394,0.8815583676951514,9.483861794397837,0.625622067396559,0.08531210009953079,0.981089151144604,0.3128110336982795,0.07109341674960899,0.2559363002985923,0.7109341674960898,2.3318640693871746,0.042656050049765394,0.0,0.08531210009953079,0.29859235034835774,31.451727570027018,0.0,0.0,0.18484288354898337,0.0,0.29859235034835774,0.17062420019906158,0.0,0.22749893359874876,0.6540594340964027,0.3839044504478885,0.853121000995308,0.09953078344945257,0.213280250248827,0.07109341674960899,0.8815583676951514,0.028437366699843595,0.213280250248827,2.502488269586236,3.8532631878288073,0.19906156689890514,1.6351485852410068,0.05687473339968719,0.07109341674960899,7.948243992606285,0.0,0.4123418171477321,0.34124840039812315,0.08531210009953079,0.0,0.07109341674960899,0.0,0.3839044504478885,3.000142186833499,0.08531210009953079,0.0,0.0,0.4407791838475757,0.0,0.0,0.12796815014929616,0.15640551684913975,0.3981231337978103,1.1659320346935873
Riley Park,0.018563207722294413,0.0,0.0,0.6311490625580101,0.8910339706701319,0.9095971783924262,0.0,0.0,0.18563207722294411,0.6125858548357156,2.9886764432894006,0.2598849081121218,0.0,0.1670688695006497,0.48264340077965473,0.1299424540560609,0.5754594393911269,0.0,0.1299424540560609,1.9491368108409135,0.018563207722294413,1.1694820865045479,0.1485056617783553,0.0,0.0,0.44551698533506595,1.3922405791720809,0.44551698533506595,0.0,0.0,0.0,0.0,3.991089660293299,0.5197698162242436,0.055689623166883244,0.1670688695006497,0.8353443475032486,13.12418785966215,0.22275849266753298,0.0,0.48264340077965473,0.7610915166140709,0.0,0.1670688695006497,0.38982736216818265,2.6545387042881012,0.27844811583441614,0.055689623166883244,0.1670688695006497,0.1485056617783553,31.92871728234639,0.0,0.0,0.4269537776127714,0.0,0.11137924633376649,0.03712641544458883,0.0,0.2598849081121218,0.5197698162242436,0.5754594393911269,0.1670688695006497,0.03712641544458883,0.055689623166883244,0.055689623166883244,0.946723593837015,0.055689623166883244,0.09281603861147206,4.380917022461482,6.515685910525339,0.20419528494523853,1.1694820865045479,0.7425283088917765,0.1485056617783553,10.525338778540933,0.0,0.0,0.6682754780025988,0.22275849266753298,0.18563207722294411,0.0,0.055689623166883244,0.20419528494523853,1.1137924633376646,0.055689623166883244,0.0,0.0,0.35270094672359387,0.03712641544458883,0.0,0.0,0.0,0.1670688695006497,0.40839056989047706
Shaughnessy,0.0,0.0,0.0,0.5371530886302597,0.17905102954341987,1.2533572068039391,0.26857654431512984,0.0,0.26857654431512984,1.342882721575649,1.0743061772605194,0.26857654431512984,0.0,0.35810205908683973,0.35810205908683973,0.26857654431512984,1.0743061772605194,0.0,0.0,2.5067144136078783,0.08952551477170993,0.9847806624888094,0.4476275738585497,0.0,0.0,0.5371530886302597,2.5067144136078783,0.17905102954341987,0.0,0.0,0.0,0.5371530886302597,9.489704565801253,0.26857654431512984,0.0,0.0,0.8952551477170994,6.266786034019696,0.35810205908683973,0.0,0.9847806624888094,0.0,0.0,0.0,1.1638316920322291,0.8952551477170994,0.26857654431512984,0.0,0.0,0.0,35.899731423455684,0.0,0.0,0.26857654431512984,0.0,0.26857654431512984,0.0,0.0,0.17905102954341987,0.08952551477170993,0.0,0.17905102954341987,0.0,1.0743061772605194,0.08952551477170993,3.222918531781558,0.0,0.0,2.4171888988361685,2.1486123545210387,0.0,1.0743061772605194,0.26857654431512984,0.0,13.249776186213072,0.0,0.35810205908683973,0.08952551477170993,0.0,0.0,0.0,0.0,0.5371530886302597,0.4476275738585497,0.5371530886302597,0.0,0.0,0.26857654431512984,0.0,0.0,0.0,0.0,0.35810205908683973,1.342882721575649
South Cambie,0.0564652738565782,0.0,0.0,1.129305477131564,0.282326369282891,0.5081874647092038,0.0,0.0,0.564652738565782,0.9034443817052512,1.355166572557877,0.33879164313946925,0.0,0.0564652738565782,0.564652738565782,0.33879164313946925,0.6775832862789385,0.0,0.0,3.9525691699604746,0.1129305477131564,0.6211180124223602,0.564652738565782,0.0,0.0,0.6775832862789385,0.6775832862789385,0.0,0.0,0.0,0.0,0.33879164313946925,4.968944099378882,0.0,0.33879164313946925,0.0,1.0728402032749857,8.526256352343308,1.2422360248447204,0.0,0.7905138339920948,0.6775832862789385,0.0,0.33879164313946925,0.4517221908526256,2.8232636928289105,0.1129305477131564,0.0564652738565782,0.5081874647092038,0.282326369282891,46.35798983625071,0.0,0.0,0.33879164313946925,0.0,0.1129305477131564,0.0564652738565782,0.0,0.7340485601355167,0.0,0.33879164313946925,0.33879164313946925,0.0,0.16939582156973462,0.0,1.0163749294184077,0.16939582156973462,0.33879164313946925,2.6538678712591754,2.3150762281197066,0.16939582156973462,0.564652738565782,0.0,0.0,6.041784302653868,0.0,0.0564652738565782,0.33879164313946925,0.0,0.0,0.0,0.0,0.2258610954263128,1.4116318464144553,0.0,0.0,0.0,0.0,0.0,0.0,0.0,0.0,0.2258610954263128,0.1129305477131564
Strathcona,0.0,0.0,0.0,0.23278370514064015,0.9505334626576138,0.4655674102812803,0.019398642095053344,1.8040737148399613,0.09699321047526674,4.75266731328807,1.4354995150339476,0.0,0.0,1.8234723569350144,0.44616876818622697,0.620756547041707,1.9204655674102813,0.019398642095053344,2.9291949563530553,1.4936954413191077,0.3103782735208535,1.0475266731328807,0.15518913676042675,0.0,0.0,0.19398642095053348,0.23278370514064015,0.6789524733268671,4.849660523763336,0.0,0.0,0.058195926285160036,2.2114451988360813,0.38797284190106696,0.0,0.21338506304558683,0.504364694471387,2.7158098933074686,0.21338506304558683,0.1357904946653734,1.1639185257032008,0.03879728419010669,0.8147429679922406,0.1745877788554801,0.1745877788554801,1.8622696411251212,0.504364694471387,0.1357904946653734,0.38797284190106696,0.2521823472356935,15.053346265761396,0.0,0.0,0.15518913676042675,0.0,0.07759456838021338,4.8884578079534435,0.0,0.7953443258971873,0.1745877788554801,0.562560620756547,1.571290009699321,0.4849660523763337,0.11639185257032007,0.058195926285160036,0.4073714839961203,0.09699321047526674,0.42677012609117365,3.433559650824442,5.489815712900097,0.03879728419010669,4.267701260911736,0.3685741998060136,0.09699321047526674,6.634335596508246,0.058195926285160036,0.9117361784675072,0.11639185257032007,2.7740058195926283,0.1745877788554801,0.0,0.058195926285160036,0.058195926285160036,1.454898157129001,0.1745877788554801,0.0,0.0,2.7352085354025215,0.11639185257032007,0.09699321047526674,0.7177497575169738,0.2521823472356935,1.939864209505335,4.7332686711930165
Sunset,0.0,0.0,0.0,0.39215686274509803,0.14705882352941177,0.4411764705882353,0.0,0.0326797385620915,0.49019607843137253,0.3104575163398693,1.7810457516339868,0.049019607843137254,0.0,0.16339869281045752,2.843137254901961,0.16339869281045752,0.8660130718954249,0.0,0.19607843137254902,1.0947712418300652,0.0,0.3758169934640523,0.065359477124183,0.0,0.0,0.5065359477124183,0.9150326797385622,0.14705882352941177,1.3071895424836601,0.0,0.0,0.3431372549019608,11.87908496732026,0.7352941176470588,0.09803921568627451,0.09803921568627451,0.7843137254901961,6.73202614379085,0.09803921568627451,0.0,0.7189542483660131,0.40849673202614384,0.065359477124183,0.11437908496732027,0.40849673202614384,2.549019607843137,0.049019607843137254,0.0,0.16339869281045752,0.7026143790849674,28.660130718954246,0.0,0.0,0.16339869281045752,0.0,0.22875816993464054,1.8300653594771243,0.0,0.7679738562091503,0.9477124183006536,0.5392156862745098,0.5555555555555556,0.5065359477124183,0.0,0.0,0.49019607843137253,0.09803921568627451,0.40849673202614384,1.9281045751633987,4.281045751633987,0.261437908496732,1.8300653594771243,0.049019607843137254,0.24509803921568626,6.062091503267974,0.0,0.22875816993464054,0.11437908496732027,0.22875816993464054,0.0,0.0,0.0,0.40849673202614384,3.9542483660130716,0.130718954248366,0.0,0.0,1.6666666666666667,0.0,0.14705882352941177,0.5065359477124183,0.35947712418300654,0.8169934640522877,3.349673202614379
Victoria-Fraserview,0.0,0.0,0.0,0.7038123167155426,0.46920821114369504,0.26392961876832843,0.02932551319648094,0.0,0.3225806451612903,0.41055718475073316,2.8152492668621703,0.05865102639296188,0.0,0.1466275659824047,2.903225806451613,0.02932551319648094,0.6451612903225806,0.02932551319648094,0.0,1.4956011730205279,0.0,0.20527859237536658,0.2932551319648094,0.0,0.0,0.3519061583577713,0.8797653958944283,0.08797653958944282,0.3225806451612903,0.0,0.0,0.3519061583577713,12.52199413489736,0.43988269794721413,0.0,0.0,1.1436950146627565,8.797653958944283,0.17595307917888564,0.0,0.1466275659824047,0.3519061583577713,0.0,0.05865102639296188,0.3519061583577713,2.6099706744868034,0.0,0.0,0.17595307917888564,0.6744868035190617,30.762463343108504,0.0,0.0,0.1466275659824047,0.0,0.3519061583577713,0.5865102639296188,0.0,0.0,0.43988269794721413,0.498533724340176,0.17595307917888564,0.08797653958944282,0.05865102639296188,0.0,1.0850439882697949,0.0,0.2932551319648094,1.7302052785923756,4.134897360703812,0.2932551319648094,2.346041055718475,0.1466275659824047,0.1466275659824047,9.853372434017595,0.0,0.0,0.41055718475073316,0.17595307917888564,0.0,0.0,0.0,0.7331378299120235,2.961876832844575,0.08797653958944282,0.0,0.0,0.3812316715542522,0.0,0.0,0.0,0.08797653958944282,0.498533724340176,1.2609970674486803
West End,0.011296882060551289,0.0,0.0,0.5422503389064619,0.9263443289652056,0.8359692724807953,0.13556258472661548,0.0,0.3727971079981925,0.824672390420244,2.3045639403524625,0.13556258472661548,0.0,0.4744690465431541,1.0845006778129238,0.27112516945323095,2.6095797559873475,0.0,0.05648441030275644,3.694080433800271,0.0,0.8020786262991414,0.587437867148667,0.022593764121102578,0.03389064618165387,0.4066877541798464,1.9317668323542703,0.15815634884771804,0.03389064618165387,0.0,0.0,0.03389064618165387,3.4794396746497966,0.36150022593764125,0.27112516945323095,0.03389064618165387,0.22593764121102575,4.835065521915951,0.3389064618165386,0.5648441030275644,1.2878445549028468,0.1920469950293719,0.03389064618165387,0.23723452327157704,4.338002711251695,3.298689561680976,0.8585630366018979,0.23723452327157704,0.3050158156348848,0.24853140533212834,33.427474017171264,0.0,0.0,0.6326253953908721,0.7342973339358337,0.5309534568459106,0.0,0.0,1.7849073655671035,0.8698599186624492,0.1920469950293719,0.4857659286037054,0.06778129236330774,0.13556258472661548,0.07907817442385902,1.683235427022142,0.0,0.5648441030275644,6.913691821057388,5.569362855851785,0.27112516945323095,1.4234071396294623,0.22593764121102575,0.045187528242205156,1.457297785811116,0.0,0.022593764121102578,0.4518752824220515,0.3050158156348848,0.49706281066425667,0.0,0.0,0.42928151830094896,0.9263443289652056,0.07907817442385902,0.06778129236330774,0.0,0.12426570266606417,0.0,0.0,0.0,0.0,0.1016719385449616,0.4631721644826028
West Point Grey,0.0,0.0,0.0,1.0248901903367496,0.4880429477794046,0.634455832113226,0.0,0.0,1.5129331381161544,0.29282576866764276,2.977061981454368,0.29282576866764276,0.0,0.14641288433382138,0.19521717911176184,0.5856515373352855,0.9272816007808687,0.0,0.14641288433382138,3.6603221083455346,0.0,0.5856515373352855,0.43923865300146414,0.0,0.0,0.634455832113226,0.9760858955588092,1.2201073694485114,0.0,0.0,0.0,0.14641288433382138,5.124450951683748,0.5856515373352855,0.14641288433382138,0.0,0.3416300634455832,7.808687164470474,0.43923865300146414,0.0,0.43923865300146414,0.43923865300146414,0.14641288433382138,0.29282576866764276,0.3416300634455832,2.440214738897023,0.0,0.0,0.29282576866764276,0.14641288433382138,34.2606149341142,0.0,0.0,0.14641288433382138,0.0,0.04880429477794046,0.2440214738897023,0.0,0.9272816007808687,0.43923865300146414,0.5856515373352855,0.19521717911176184,0.0,0.29282576866764276,0.14641288433382138,0.9272816007808687,0.0,0.6832601268911664,3.4163006344558324,6.002928257686676,0.14641288433382138,0.9760858955588092,0.2440214738897023,0.0,11.810639336261591,0.0,0.0,0.9272816007808687,0.0,0.0,0.0,0.0,0.5856515373352855,0.634455832113226,0.0,0.0,0.0,0.0,0.0,0.0,0.0,0.14641288433382138,0.19521717911176184,0.14641288433382138
